Repository,Merge_Commit,Conflicting_Files_Count,Author_Match,Lines_Changed_Local,Lines_Changed_Incoming,Total_Lines_Changed,Conflict_Chunk_Count,Avg_Chunk_Size,Local_Conflict_Lines,Incoming_Conflict_Lines,Local_Incoming_Ratio,Primary_File_Type,Time_Diff_Hours,Resolution_Label
dropwizard,7bfdeab23732fbcbcd9ff6dc2dae01df5f2f71b8,1,0,2917,166,3083,1,4.0,2,2,1.0,0,1036.46,combine_both
dropwizard,090ac7961855306482977732f2a94d0f9927fd8b,1,0,40,12,52,1,6.0,3,3,1.0,1,0.44,combine_both
dropwizard,8bcd6953e92162475dc56be97786fcd8485b996e,2,0,43,20,63,2,8.0,9,7,1.2857,0,2.17,keep_local
dropwizard,b61b601c4d6aea9cdd5d3ae7bc208700fc622ff1,1,0,12794,176,12970,1,7.0,1,6,0.1667,1,3440.12,combine_both
dropwizard,637f48c7e28451aec52dddb6fb77f5bbc69a17dc,2,0,12043,38,12081,7,26.14,29,154,0.1883,0,3483.96,combine_both
dropwizard,2599a25d50ef1d6b9295bdca66f8350e0d36ff0b,1,0,11999,86,12085,4,7.5,14,16,0.875,0,3625.99,combine_both
dropwizard,f12d6cb43212f9dd091287a05d18bde290c1c02b,1,0,1862,430,2292,1,22.0,22,0,22.0,0,1028.08,combine_both
dropwizard,bd1fd6f2327f479198d355d9417eefb6eeb1df5b,1,0,1796,67,1863,1,31.0,19,12,1.5833,0,544.87,combine_both
dropwizard,1631b5d505f5c69b7b35e5db2e835131707f16c7,5,0,10552,79,10631,4,18.75,25,50,0.5,1,5825.77,combine_both
dropwizard,2d67da4cade8ee71be720a65efe4a03c5bff868d,1,0,6060,145,6205,1,8.0,8,0,8.0,0,975.3,combine_both
dropwizard,85371c593b97e6c9f0d88caa99050cfb73a6d0cc,1,0,10,2,12,1,4.0,2,2,1.0,1,1.1,combine_both
dropwizard,f04266cd1e84e035d7d30b40ff8ba6d50cd99d3e,3,1,556,160,716,10,19.8,151,47,3.2128,0,0.71,keep_local
dropwizard,a91bc149f704a908e36edb250371cc0b7cd3b613,3,0,1089,982,2071,23,38.39,90,793,0.1135,2,679.86,combine_both
dropwizard,ed50c67eaf9c8f006b8b6210629008eca0d0e23f,1,0,66,3346,3412,1,25.0,25,0,25.0,0,82.79,combine_both
dropwizard,57411d57d0bebc0215aafec5b37d9652d5c94a40,2,0,220,946,1166,5,14.0,21,49,0.4286,0,19.0,combine_both
dropwizard,d86d7a7e67d871dc6035c916601cfaca49ad056f,6,0,215,14687,14902,2,27.0,5,49,0.102,0,371.12,combine_both
dropwizard,01119067056d70deae0d8db155121c82ac658fbc,1,0,185,1,186,1,4.0,4,0,4.0,0,5.76,keep_incoming
dropwizard,4f10aca0b5c23a7d3c7e3da52670f80ae716e47e,1,0,645,115,760,1,24.0,16,8,2.0,0,29.14,combine_both
dropwizard,841f07cd8cc8f2cdcf18454f28918b59bf24fd88,2,0,13740,294,14034,4,17.0,36,32,1.125,0,295.52,combine_both
dropwizard,32b52a988a49975035d080002b811d7ee2c0f3e7,2,0,97,13951,14048,6,22.83,73,64,1.1406,0,46.26,combine_both
dropwizard,2bc54fc6a359fe64f08eeae0ac24cd46b754d103,1,0,32,13916,13948,1,4.0,2,2,1.0,0,24.3,combine_both
dropwizard,70b7f468adfc711c004a9a53e3b5f44dc1629acc,8,0,52,143,195,8,2.0,8,8,1.0,1,12.22,keep_incoming
dropwizard,6a464d81428469fb17eabcfca4b44c9f7e8db878,2,1,4,8,12,2,2.0,2,2,1.0,1,0.71,combine_both
dropwizard,1a909c23479e39db82f6a9a29d9e960f21fdfda0,1,1,46,6,52,1,8.0,3,5,0.6,0,0.03,combine_both
jbehave-core,2e52833525116d8040ce4aa34e0f0a5ee5e22a6a,1,1,121,81,202,2,22.0,28,16,1.75,0,10.48,keep_local
jbehave-core,c812e4edabea672820ac423cb720d1ad872df004,3,0,1258,219,1477,0,0.0,0,0,0.0,2,66.35,unknown
jbehave-core,ace7c17d5870fa3c2bc64dfc06bc7282c0c8d7dc,1,1,180,222,402,2,25.0,4,46,0.087,3,5.5,unknown
jbehave-core,5b7ef8b04ef13f63ea458f6610b778e7ea08a145,1,1,235,121,356,1,308.0,208,100,2.08,3,66.33,unknown
jbehave-core,b29df857bd220ceb544486c01ea07f810d1cec18,1,0,2,276,278,1,46.0,46,0,46.0,1,1.81,keep_local
jbehave-core,7a1264b7e0c7ebd7b82f3faca9cebf7ba7d64d4c,1,0,44,9567,9611,0,0.0,0,0,0.0,3,0.01,unknown
jbehave-core,356e029aec4ff9956833302347997f7c2e733442,2,0,48,32,80,6,5.67,11,23,0.4783,0,1.27,keep_local
jbehave-core,80155b6c0c2d48c9669f649631cfadcd1ece477c,1,0,131,2,133,1,3.0,1,2,0.5,0,0.22,keep_local
jbehave-core,446ef7b464cae3b4f2ccae600b851bfaeb8cf7dc,2,1,134,0,134,2,10.5,2,19,0.1053,0,3.39,combine_both
jbehave-core,b7e5df34af8015d70ac919d09f861f46e5f13d26,2,1,134,0,134,2,10.5,2,19,0.1053,0,3.39,keep_local
jbehave-core,64b7c9addf075b7b42110c879700ed53953600d2,3,1,977,569,1546,6,7.33,14,30,0.4667,0,1.24,combine_both
jbehave-core,bdae8b7cceb67d11d6f4f41c15b8adf6a9ebe6eb,3,1,977,569,1546,6,7.33,14,30,0.4667,0,1.24,keep_local
jbehave-core,5cfc609a3f1e50d7eea4bf7d3ab7e67e2df78bb3,3,1,695,561,1256,4,9.75,26,13,2.0,0,0.63,keep_local
jbehave-core,9e66b38b7a042ffd6ad89b3a71a5f307685b4168,1,1,146,0,146,1,2.0,1,1,1.0,0,1.27,keep_local
jbehave-core,2c95dd6ef31b31b8da67b12424c2d6d24864352d,1,1,611,10,621,2,1.5,2,1,2.0,0,11.49,combine_both
jbehave-core,79bbd9e377de41c2e492baef7017442b3daa9137,1,1,611,10,621,2,1.5,2,1,2.0,0,11.49,keep_local
jbehave-core,6724c014fbef8297bbf0525c6ae9b3f3e54307ff,5,1,208,58,266,7,2.0,7,7,1.0,0,1.74,combine_both
jbehave-core,3dac48d91f8908713523152d3457e19fe124aa11,5,1,208,58,266,7,2.0,7,7,1.0,0,1.74,combine_both
jbehave-core,b73c8a95d35512affdaeb2556a0d3e859f680004,7,1,476,125,601,8,10.5,46,38,1.2105,0,5.01,combine_both
jbehave-core,6c4dbcf213217ec44b711dc608093737cadb72e7,7,1,476,125,601,8,10.5,46,38,1.2105,0,5.01,keep_local
jbehave-core,a0f361d838fdc3ab82a495483603ee348011c6ed,1,1,90,0,90,3,6.0,8,10,0.8,0,0.6,keep_local
jbehave-core,6c96ef1cd72615349025f1c0ac3bfe187839e037,1,1,90,0,90,3,6.0,8,10,0.8,0,0.6,keep_local
jbehave-core,abbff1d566df66fa9055aeb42aa8c5d8d014db4b,1,1,1209,1200,2409,2,10.5,14,7,2.0,0,0.23,combine_both
jbehave-core,5053281cdc77388fea163e7364cc85a5032bf605,1,1,1209,1200,2409,2,10.5,14,7,2.0,0,0.23,keep_local
jbehave-core,62d472577976d16f2bea7cb1d1fdb72b2317bc39,0,1,304,357,661,0,0,0,0,0.0,3,1.18,unknown
jbehave-core,02903ad944ddeb2b09b4bd52338cf66b54c0ecf5,2,1,495,358,853,2,3.0,3,3,1.0,0,0.59,keep_local
jbehave-core,15f1d0df3deefbe63f8f46ef95bf91d3556e5e21,11,1,562,302,864,14,9.0,60,66,0.9091,0,0.93,keep_local
jbehave-core,a60bb6db8c4c4b405ea0a8abc385f8e90a4b8936,1,0,826,325,1151,1,19.0,0,19,0.0,0,4.67,combine_both
jbehave-core,a30f96ede9e8221dad1fa488e36ae6290602e94a,1,1,657,379,1036,7,9.43,29,37,0.7838,0,0.7,keep_local
jbehave-core,63dc25a4516bba99592ce46ede32017292685f42,1,1,61,40,101,4,3.75,8,7,1.1429,0,0.2,keep_local
jbehave-core,ad8c2469a593c12b113b345e4367ef971696be8f,1,1,66,30,96,2,2.0,2,2,1.0,0,0.89,keep_local
jbehave-core,69bdec368940bb7960cd0ae2f506452849641063,1,0,210,1805,2015,2,3.5,6,1,6.0,0,22.88,combine_both
jbehave-core,fc88e40654b4a814da1f20fc735099e2b394b5ac,1,1,128,3,131,1,3.0,3,0,3.0,0,1.2,keep_local
jbehave-core,b3d1337e49e8caf96948e60aff31e1e3a1e9139f,1,1,605,528,1133,3,21.67,44,21,2.0952,0,5.59,combine_both
jbehave-core,a0a8bf64bd2cc298a5278a1a4b0d7872b3fe9df2,1,1,605,528,1133,3,21.67,44,21,2.0952,0,5.59,combine_both
jbehave-core,71e2e785f5d144de19858973a3006d332295fdad,3,1,279,235,514,1,2.0,1,1,1.0,1,12.24,keep_local
jbehave-core,93844e8a3768c9df7d84c730635ec7fe8df082c4,1,1,279,304,583,1,2.0,1,1,1.0,1,12.17,keep_local
jbehave-core,3dce02105cdc6a7cc8727edcf88bf5ba847ba648,1,1,279,310,589,1,2.0,1,1,1.0,1,0.07,keep_local
grails-core,c87619489ea67ec71900d1b0b7ac4f1870fb6d87,5,1,4976,92,5068,6,11.67,27,43,0.6279,1,31.86,keep_local
grails-core,95f2d814923dfc5d98258aa64a8b7f1f64770484,2,1,4935,50,4985,2,4.5,5,4,1.25,1,131.55,combine_both
grails-core,53724a67bba176455ca0d86a835cf0542284286d,5,1,4418,15,4433,6,12.83,38,39,0.9744,1,7.65,keep_local
grails-core,ff43b22c4fa83fdea8b2f171c4f79d12d278ed2e,1,0,2,11,13,1,8.0,4,4,1.0,1,32.61,keep_incoming
grails-core,73d00570ace839412eb7399f719a4d0bfd826076,1,1,4371,31,4402,1,12.0,5,7,0.7143,1,0.15,combine_both
grails-core,c2a8579fc35b93d44f8534d7e92b4018dad10111,13,1,28381,1144,29525,27,22.63,248,363,0.6832,1,414.03,combine_both
grails-core,7fcf7197e7d48838396bee0cb2fbde1351a3a3a2,1,1,198,53,251,1,3.0,1,2,0.5,1,0.18,combine_both
grails-core,9454223626bdb931ac3c2a31970fa04e6a285684,1,1,149,125,274,1,4.0,2,2,1.0,1,13.06,combine_both
grails-core,3ef25cad6a3e49c2c969e89fd8ba0aeb03989b30,1,0,2,3,5,1,4.0,2,2,1.0,1,12.89,combine_both
grails-core,40f816dd6616d22c18f8d83c19c4fa68f4a89dfe,18,1,4149,3538,7687,8,5.88,17,30,0.5667,1,413.59,keep_local
grails-core,cc3b14755c927bb30dc1bccf2912820cf6b1078d,2,1,3569,392,3961,1,11.0,10,1,10.0,1,527.58,combine_both
grails-core,e8a6adb38a1e9080a6aff8a7aae99d21ba208252,14,1,3732,1031,4763,15,6.6,51,48,1.0625,1,978.91,combine_both
grails-core,08aeb0594bfed22efe2f34d6748f6343a81562c6,7,1,24712,50,24762,9,10.22,44,48,0.9167,1,26.13,keep_local
grails-core,a5ea36df9f1136dfbfdf7b24ff493afa696929b8,6,1,3824,162,3986,9,9.44,47,38,1.2368,1,16.92,keep_local
grails-core,b510b9fc489416f7bff467b132ee3f41b0b85029,8,1,3657,318,3975,10,5.6,24,32,0.75,1,15.8,keep_local
grails-core,dc139671f65861f675ade745a4a172ca8b0e7354,1,1,14,188,202,1,5.0,3,2,1.5,1,13.28,combine_both
grails-core,57f498a2995c2dc2264b0593dfb46147281d0a26,7,1,3558,441,3999,10,6.9,39,30,1.3,1,128.32,combine_both
grails-core,683b1414869385b4d95842b55e8ecbe36d16058a,1,0,3435,19,3454,1,4.0,1,3,0.3333,3,121.05,combine_both
grails-core,3e01cefc2250cac61c5a567ad2d4073f5ed11c7b,5,1,3425,235,3660,7,6.57,23,23,1.0,1,318.72,combine_both
grails-core,866e9086d0c8a238296b74677732d2c698772a67,2,0,2676,339,3015,2,7.0,7,7,1.0,1,153.98,keep_local
grails-core,112268474aa39a1c9f2c3552725770e80f184777,1,1,49,6,55,1,5.0,3,2,1.5,3,72.85,combine_both
grails-core,ba2879deef9c47cee846992a1d6bcea543cd0c6a,1,1,4,4,8,1,2.0,1,1,1.0,1,0.54,keep_incoming
grails-core,c2d276ec7cc44f18624d5c5d86ed43c97f92a636,1,1,2068,14,2082,1,4.0,2,2,1.0,1,0.13,keep_local
grails-core,4ae6f1b62f4ea2161a70a5c69d8b3b11e477a4eb,4,1,34,891,925,4,3.5,7,7,1.0,1,1061.2,combine_both
grails-core,039f622bc6d7c72fa28737161510e959df62e8ad,2,0,58,102,160,3,30.67,33,59,0.5593,3,92.68,combine_both
grails-core,28556c0a1a01d2958d6d3aed251dcacc2a6e38da,2,0,42,833,875,2,4.0,4,4,1.0,1,753.66,combine_both
grails-core,5925e8434511eb307ea4af571e7533fa174077d8,3,0,22297,12,22309,3,4.67,6,8,0.75,1,22.34,keep_local
grails-core,964e8b6339d719c6555b1bc58fcc0bb42a94309d,1,0,22276,8,22284,2,6.5,6,7,0.8571,1,17.28,keep_local
grails-core,7ee898abe6acb18249be6590dd847247100c769e,1,0,22154,148,22302,2,1.0,2,0,2.0,0,4.12,combine_both
grails-core,cc2313a0c7230dd02406317dfaff4a0eb6647cc3,1,1,22148,30,22178,1,2.0,0,2,0.0,3,1.48,combine_both
grails-core,3a9f04ec53323f4434a2344efbeea908ca42faeb,1,0,22146,71,22217,1,9.0,1,8,0.125,1,316.41,keep_local
grails-core,0d017799e3a0b2fb0eecec869da798e0a9605e45,1,0,85866,73,85939,1,2.0,1,1,1.0,1,316.75,combine_both
grails-core,897d2f1bc50f793df43df217f141f185c1fe2383,3,1,22081,26,22107,3,11.0,15,18,0.8333,1,2.08,keep_local
grails-core,099eb43ab7c4ee5284cdd85be5c252cebfeccbb1,4,1,22313,359,22672,7,6.29,20,24,0.8333,1,90.09,keep_local
grails-core,96d9996f795ae1d2e09b652e47aedc7137dc4c56,1,0,8,7,15,1,7.0,3,4,0.75,0,3.26,combine_both
grails-core,3ddd55f84ebfdd893471eea701190ea737882fe5,6,1,22113,541,22654,8,13.88,37,74,0.5,1,2.49,keep_local
grails-core,3a9255bdb80919070ba5f3a4ec886323d4b86f77,1,0,223,9,232,1,39.0,0,39,0.0,3,0.06,combine_both
grails-core,71b612df105ed9bca7c84f8a1f67968e865832fc,1,1,796,85,881,1,2.0,1,1,1.0,1,5.94,combine_both
grails-core,49e2405ae9399622a04b2d3c7a990f2c422dd8ea,1,0,17,243,260,1,5.0,4,1,4.0,0,1.62,keep_local
grails-core,5e84291758639a756abca0a6e68f6c20c4eac50d,1,0,85077,44,85121,3,11.33,16,18,0.8889,1,2688.73,keep_local
grails-core,5c45c5c06ad986f6e8bfe084abf0e1af5a755f67,1,0,351,347,698,1,10.0,5,5,1.0,1,306.79,keep_local
grails-core,fcabf2b66ebccb1e8548a7c24fb791b27f99315e,2,1,332,251,583,4,18.0,5,67,0.0746,1,166.13,combine_both
grails-core,be30edccd24290b75728ce84a237381cfcbb1dae,5,1,386,675677,676063,10,4.1,18,23,0.7826,1,1050.23,combine_both
grails-core,5c867f6f9b39f1e7501d685d9bd96206bc52bb79,5,1,83530,52,83582,5,43.4,19,198,0.096,1,126.84,keep_local
grails-core,74dfdda714e767c04b31f508a95466f001a731f3,1,1,83506,4,83510,0,0.0,0,0,0.0,3,18.48,unknown
grails-core,6b6d476c7a4e053639adeb6adc68b2d6d2b54a19,1,1,83510,8,83518,2,2.5,2,3,0.6667,1,0.02,keep_local
grails-core,8a6e4040569f3264cc1914e717915aa932be15f3,2,0,83252,8,83260,2,4.0,4,4,1.0,1,641.55,keep_local
grails-core,1af3e893184b63a6572bfc3264e2620c4cd42472,3,1,81991,672803,754794,2,7.5,9,6,1.5,1,1.21,combine_both
grails-core,9f36cb6a2ae175a2a0b6fe822e14b6f349da2ec3,1,1,120,292,412,1,8.0,4,4,1.0,1,0.3,combine_both
grails-core,3abe380e70ca3f8fe9a447d872e11d56d00b6381,1,1,81848,164,82012,0,0.0,0,0,0.0,3,216.49,unknown
grails-core,ef478f6db17677486932bb912b9f1ab46c6931d5,2,0,74,6,80,2,3.0,3,3,1.0,1,11.05,combine_both
grails-core,4a5d21e65d2044a9643220a4693ed6089fae4285,1,1,81732,114,81846,1,6.0,3,3,1.0,1,263.93,combine_both
grails-core,b6930ecf9c5296ca5a830f87ad8218648d266ccc,2,1,81696,27,81723,2,4.0,2,6,0.3333,1,156.03,combine_both
grails-core,0cee39bcb42feac69cc1f9fad5859466e4171d86,3,1,81599,163,81762,5,7.4,18,19,0.9474,1,4.42,keep_local
grails-core,b83f00d2913bf1f2619f3a917f0453c611b9cbbc,1,1,18,2,20,1,2.0,1,1,1.0,1,17.38,keep_local
grails-core,a75bcafa5bb457ced739454fca911488b0b77629,1,1,70294,407,70701,1,31.0,27,4,6.75,3,0.31,combine_both
grails-core,651e21514409f26ce6ad767113b056c962e6b5b0,1,0,70281,2,70283,1,3.0,1,2,0.5,1,171.23,combine_both
grails-core,aed4c14ff69a20b12de7a36f8be3a7ab8e7cb23b,1,1,70281,2,70283,1,6.0,3,3,1.0,1,0.02,combine_both
grails-core,22e1920673a977ad9beeae3d47ac6effe7f512b5,3,1,70290,12,70302,3,24.0,6,66,0.0909,1,0.7,keep_local
grails-core,d86d19d35a58dd84fc3262d321942d17c390849a,6,1,70302,112,70414,14,8.43,24,94,0.2553,0,0.64,combine_both
grails-core,016cee5618cef47550eeca2179c02e2f3bfe861f,1,1,6,4,10,1,2.0,1,1,1.0,0,0.53,keep_local
grails-core,0844eb31bbcd2c5c6fae94ec103c120a5b67937f,1,1,70285,31,70316,1,3.0,1,2,0.5,1,20.39,combine_both
grails-core,62fef08cfaee8e17ceffd0884d4a782846652625,6,0,66968,44,67012,6,36.0,20,196,0.102,1,0.58,combine_both
grails-core,627f35b829bf2b71084f348781c816cc2221e55c,3,0,66163,34,66197,4,11.0,14,30,0.4667,1,0.93,combine_both
grails-core,fe63c1016b550e5336644f0bac9edc6fde197d98,3,0,19818,26,19844,3,3.67,5,6,0.8333,1,6.83,keep_local
grails-core,3160d19d28e6eb0e74c68fa0248961a563464c61,3,0,21008,61,21069,4,6.5,12,14,0.8571,1,87.39,combine_both
grails-core,29b68d293e6df07699b56815a667125a0fbde1a4,2,1,19748,16,19764,3,7.33,10,12,0.8333,1,43.69,combine_both
grails-core,108e601dd4868438bc998b2128800061ac60b64b,5,0,9487,923,10410,5,5.2,10,16,0.625,1,75.15,combine_both
grails-core,23d9e748ab53a50cf1c8128de0db6ea0f4357e4a,1,0,61,98,159,1,7.0,6,1,6.0,3,44.19,keep_local
grails-core,7e9a9ae7384e3c10003c8dfc384adb6d22f3df28,1,0,19058,21,19079,1,11.0,11,0,11.0,3,2.53,combine_both
grails-core,95c3bd0bfdd737b59f44909d59b0a376f583d2ad,1,0,2013,1618,3631,1,2.0,1,1,1.0,1,358.28,combine_both
grails-core,a1d8a7eafece95c62d1d057a39457d9d788ea649,2,1,1718,1944,3662,2,2.5,2,3,0.6667,1,0.3,combine_both
grails-core,42029debadcb5a68dc7830eab9a8190591f6e053,1,1,18196,22,18218,1,3.0,1,2,0.5,3,2.15,combine_both
grails-core,84618ff69193e116fe08afd8763f1a45c05cc2e6,4,1,18021,245,18266,4,7.0,13,15,0.8667,1,67.66,combine_both
grails-core,6c85ec239aa8cc4a9f646bb345c70c327ddb2dbc,2,0,1161,791,1952,2,2.5,2,3,0.6667,1,1157.57,combine_both
grails-core,fcae40acb7d6e5f00590966167a8c12acb973d9e,1,1,17806,53,17859,1,3.0,1,2,0.5,1,16.17,keep_local
grails-core,7b8ce27d65fc846dc6a6e25565a8a52f3ad9c21e,1,0,17700,9,17709,1,16.0,9,7,1.2857,1,57.5,keep_local
grails-core,2ac1d593a673991bca04cf510a9e54bcaa6e92d8,1,0,191,2,193,1,19.0,0,19,0.0,1,0.94,keep_incoming
grails-core,13d27d020c5aaba0f7379fbea50db03c75c566a1,3,1,17625,10,17635,3,7.33,11,11,1.0,1,2.36,keep_local
grails-core,89b00e5d5a6554cbf029f0e51224b87535628876,2,0,20,435,455,2,2.0,2,2,1.0,1,133.36,combine_both
grails-core,cfea820fd2bd91f8d9565e347793973d168ca4ab,2,1,17632,9,17641,2,2.0,2,2,1.0,1,3.03,keep_local
grails-core,6ffdf8b0a13868e9f99178be966ece627a248355,2,1,4,8128,8132,2,2.0,2,2,1.0,1,886.89,combine_both
grails-core,9560255eb0add6a7b457c6257d6eabecd778641e,1,1,17237,2,17239,1,16.0,9,7,1.2857,1,21.61,keep_local
grails-core,6671893d473da549bc0dcf50ca7170a13d0961ee,1,1,17195,388,17583,1,1.0,0,1,0.0,3,0.02,keep_local
grails-core,589fa0fa925f38873710afc0b5c459193533c215,2,0,17211,183,17394,6,22.5,118,17,6.9412,3,75.5,combine_both
grails-core,913c00ab1e1ca3f2bcd243f148226c3515433e3b,1,1,15571,77,15648,1,4.0,0,4,0.0,3,0.96,combine_both
grails-core,1c17a060286dbaf771ba93ab253e5e13690172d7,1,1,15085,476,15561,2,47.0,93,1,93.0,3,44.84,combine_both
grails-core,5a1ae9310d5769486b988096c5104390a1da4235,3,1,14507,2772,17279,3,2.67,4,4,1.0,1,141.63,keep_local
grails-core,95d2f88b64ef6b19e34bb94caf4153bb191c2d58,1,1,13056,71,13127,2,5.0,5,5,1.0,1,7.83,keep_local
grails-core,a679dfa8775e0c128ce151022e0ad95f52370790,4,1,12202,215,12417,6,7.67,22,24,0.9167,1,0.6,keep_local
grails-core,8692d9242c009d5022514c581860fe2ac216b786,2,0,4751,50,4801,1,5.0,2,3,0.6667,3,17.21,combine_both
grails-core,1ff33f4d2a3e2b48ef7883140838cd07c943ca55,1,1,4753,304,5057,1,3.0,1,2,0.5,0,8.68,combine_both
grails-core,518a31fe377feb53ef37f88e8cd4506b5a1cc4d1,2,0,4747,197,4944,2,23.0,32,14,2.2857,3,1.71,combine_both
grails-core,7bc691cfeb23c1fa11857260155bb955cac796f5,2,1,4202,16,4218,2,51.0,15,87,0.1724,1,9.64,keep_local
grails-core,63c6962e6e6f67af3a01fdd2ff4c728c8f53fd7b,2,0,4195,1745,5940,3,2.0,3,3,1.0,1,73.84,keep_local
grails-core,dcfa7e120e923444bf041b89eea59cdeac70c552,5,1,3965,267,4232,6,6.0,18,18,1.0,1,1.56,keep_local
grails-core,ed8d41da358d21a77dfb583c322e3bb49228e443,3,0,2403,364,2767,5,5.2,12,14,0.8571,1,480.9,keep_local
grails-core,bde132e3a25e390c1225842ad9bc6f683bdacb87,0,1,706,21,727,0,0,0,0,0.0,3,0.7,unknown
grails-core,04dcebd942a69e1397f37c36dbb15a1ea2b3bc28,0,1,691,10,701,0,0,0,0,0.0,3,0.14,unknown
grails-core,7c13e9b343662f336f9dc535f82af7761ec3de93,0,1,748,57,805,0,0,0,0,0.0,3,0.01,unknown
grails-core,3e783eb2734bb98ced0ce4a39c11cd744e59cec9,0,0,686,8,694,0,0,0,0,0.0,3,21.46,unknown
grails-core,dbb1d11158a335eae656813d70da3995f90a89d3,0,1,688,1075,1763,0,0,0,0,0.0,3,0.29,unknown
grails-core,b45aac3f23ac07431520107201de42abedb9a09c,3,1,14345,32,14377,3,1.67,3,2,1.5,1,0.02,keep_local
grails-core,cea0ffda0ce40b27a093dd29f789382155d5b8f3,0,0,10,21,31,0,0,0,0,0.0,3,8.18,unknown
grails-core,5a2f6753535a5a1bae8d0fd631ee607491bccbb4,0,0,0,10,10,0,0,0,0,0.0,3,112.63,unknown
grails-core,0a40dea8076de562a2c6867473ba0ac926f194cc,0,0,0,2,2,0,0,0,0,0.0,3,52.92,unknown
grails-core,8706ebff4931058c901a9fa8baa343b8f59bed2a,1,1,13667,71,13738,1,1.0,1,0,1.0,3,1.28,combine_both
grails-core,3fb241b7d38635e2a577f5844e8da78da2e8623e,2,1,13677,48,13725,2,2.0,2,2,1.0,1,19.7,keep_local
grails-core,016813e8c1aa0a975915b8a4eda06d6422a1dea3,2,1,575,39,614,2,2.0,2,2,1.0,1,139.96,keep_local
grails-core,85cfdb1e5fb0bf9efc8dc20b011d19615e825242,1,1,13416,17,13433,1,9.0,2,7,0.2857,3,0.78,combine_both
grails-core,e070ea5b6afc391331fdff33c7aed0d290d5af39,1,1,13417,2,13419,1,4.0,2,2,1.0,1,22.37,combine_both
grails-core,7ea5d5a022cc1abf93ab432cca4b16b9a9fa62c6,1,1,13417,141,13558,2,13.0,12,14,0.8571,3,19.09,combine_both
grails-core,4f0ef1078d5cdedc8e94a382e4e2aff8e5ef66e2,2,1,542,1576,2118,2,2.0,2,2,1.0,1,173.47,combine_both
grails-core,27d04eeea36497e76786f5950abc33c4f112bbff,2,0,13064,1124,14188,2,2.0,2,2,1.0,1,1.6,keep_local
grails-core,57df0a12bb03fff498d97a8ec464fbc43d04a976,8,1,552,4394,4946,14,6.29,34,54,0.6296,1,365.21,combine_both
grails-core,87a7e6b4edd3d07b3a1ff7e0e4e6d44d492d1c8d,1,1,12932,12,12944,1,10.0,4,6,0.6667,3,0.4,combine_both
grails-core,115977dcec190c1531f3af72f3fcca4a02c57edb,4,1,13078,914,13992,5,30.8,79,75,1.0533,1,0.42,keep_local
grails-core,a11d1bddc8a3a8323ed74220d6428eba8f9e66dc,1,1,11933,148,12081,1,8.0,1,7,0.1429,0,6.01,keep_incoming
grails-core,71d2e80ddf55188121dbb9c24edc8fadd1ef2138,5,1,12093,516,12609,13,6.69,40,47,0.8511,0,29.18,combine_both
grails-core,dfcd573e7dd8a8d10cd40ef64c9f4f9b907e5136,1,1,11800,4,11804,1,8.0,5,3,1.6667,1,0.01,keep_local
grails-core,5a831132127acf71dedf59476035d6b913e55f00,2,1,11779,42,11821,2,2.0,2,2,1.0,1,1.74,keep_local
grails-core,b62fbd38da76c287b2b55f2e46a645127344b067,2,1,8826,24,8850,2,2.0,2,2,1.0,1,119.92,keep_local
grails-core,9cf1ca61edd1b946b0cde60502dde5d16106484d,1,0,1760,3098,4858,0,0.0,0,0,0.0,0,592.81,keep_local
grails-core,2c836c08795e2235059670d21b1b58c58857d125,2,1,8826,22,8848,2,2.0,2,2,1.0,1,1.58,keep_local
grails-core,4e0fa21d464dbc8e010df3eddecb3159942473af,2,1,8818,60,8878,2,5.0,6,4,1.5,1,0.02,combine_both
grails-core,827e343c0b3b83efc1d5893ec46614e54aa48abe,1,1,8817,36,8853,1,2.0,2,0,2.0,2,2.48,combine_both
grails-core,a0058b80b3e1726461e6eacaea121967010d9fa4,3,1,8819,1489,10308,3,5.0,8,7,1.1429,1,121.64,keep_local
grails-core,6fa01dd27b904712bc8b90b6772dfdd25a495a84,2,1,8305,239,8544,8,11.88,20,75,0.2667,0,1.85,combine_both
grails-core,ce6ecceb0d42ccf73ba0366bc9285ee315827ff8,2,0,5445,242,5687,2,2.0,2,2,1.0,1,17.77,keep_local
grails-core,b641c134f086a4374cfc3afe637664da68604258,1,1,5445,67,5512,1,4.0,2,2,1.0,1,16.7,combine_both
grails-core,79c52a9ee95db7e93af068443a70f4e0a38de9e9,1,1,4996,2,4998,1,6.0,4,2,2.0,1,1.76,combine_both
grails-core,445f52042ee1b19d3d19d505909056a65d92e737,1,1,4983,1273,6256,1,2.0,1,1,1.0,1,70.37,combine_both
grails-core,ddd185d67357fb3a6c7c9fee6daf138824d336ad,15,1,145984,110,146094,6,18.0,29,79,0.3671,1,19.94,combine_both
grails-core,3a31b017cc76f3a37bda94fa872e3d6390b18773,5,1,4909,542,5451,8,9.62,43,34,1.2647,1,0.14,keep_local
grails-core,d7960a1f5443e9d9ec82536304596d3f87c8f717,1,1,145399,2,145401,0,0.0,0,0,0.0,3,0.04,unknown
grails-core,9672f9546a9a403675bfd5882a535015d6126181,7,1,145404,220,145624,1,2.0,0,2,0.0,3,101.57,combine_both
grails-core,bd8057c6c2d60f0950d05cb408636c48e23299aa,2,1,363,798,1161,3,2.0,3,3,1.0,1,90.86,combine_both
grails-core,902b7c0ef4418f529dab983d44dcae12d720bc5c,2,1,359,13,372,2,2.0,2,2,1.0,1,0.71,keep_local
grails-core,7ee2becb37a2a62e8e0b10624dc282ca5820d5b3,3,1,365,327,692,4,12.25,37,12,3.0833,2,23.31,combine_both
grails-core,9d6570cc6286ec97d7a8d8c08d045bdedff3625b,2,1,344,450,794,2,2.5,2,3,0.6667,1,72.04,keep_local
grails-core,6ccb105f464c14e43ed156170fc2e122feea6828,2,1,344,12,356,2,2.5,2,3,0.6667,1,5.39,keep_local
grails-core,5fd37e1f1c0af4b7ff6004dd36b7d9a2e939c28b,1,1,217,1,218,1,4.0,3,1,3.0,2,0.03,keep_incoming
grails-core,3098218c0e46146d3bf6b2e729091833afc03a44,3,0,207,90,297,3,20.33,2,59,0.0339,1,127.72,keep_local
grails-core,6fcb65c9475c8e2b7cf5c516dd5d30bbe78d372a,5,0,143455,29,143484,2,3.5,5,2,2.5,1,96.01,keep_local
grails-core,f403916d87014a64de38bf038985a358c183a79b,3,1,143442,9,143451,2,6.5,1,12,0.0833,1,3.02,combine_both
grails-core,b9aad4519b93d965365621340da9e1d66f3e70df,1,1,143471,143439,286910,3,2.33,1,6,0.1667,3,0.03,combine_both
grails-core,67f66a558e46f0366db6bd0d2f52d940c3bd06b9,4,0,143448,16,143464,3,473.67,2,1419,0.0014,1,12.97,combine_both
grails-core,cc9194210e1eaffe801795a4571982bd853fb671,4,0,143478,16,143494,3,473.67,2,1419,0.0014,1,12.97,combine_both
grails-core,e8ae49068739c292c300d6f2ecf5aa523292a17a,1,0,143448,2,143450,1,2.0,1,1,1.0,1,2.48,keep_local
grails-core,558d22a1e67fede547f26745a60f84212299771f,2,1,19,15,34,2,2.5,2,3,0.6667,1,23.64,keep_local
grails-core,a565647b2653d194dfe37fe69332a3b3bcdd8c2d,1,0,142455,14,142469,0,0.0,0,0,0.0,3,4.26,unknown
grails-core,d11d0ef9844f946333ed610798935eff1b6f6f15,2,1,19,81,100,2,2.5,2,3,0.6667,1,0.61,keep_local
grails-core,6d4fa59b4b7f82d9d408a1635d707e65e42cab42,2,0,303,25,328,2,2.5,3,2,1.5,1,69.72,keep_local
grails-core,556505b665c3085b7c5554be7effbf3e6df05bfd,7,1,141504,71,141575,0,0.0,0,0,0.0,0,0.92,unknown
grails-core,d90468e9cbe1fe48c688f5fbaad7a1bfd0799f5d,2,1,4,29,33,2,2.5,2,3,0.6667,1,29.19,combine_both
grails-core,1b8dd2dabcb783f77edeaa9f615f0014b0cc8296,1,1,141453,18,141471,1,2.0,1,1,1.0,1,23.55,combine_both
grails-core,9df41e0d6ea59201a1f43c4bb9dae93de27f2073,4,1,141216,172,141388,1,6.0,4,2,2.0,3,24.69,keep_local
grails-core,16f3a89a5ec2c886b5e29fdcd47428652f9b65d5,7,1,141123,371,141494,2,4.0,3,5,0.6,1,20.27,keep_local
grails-core,807be6179b39a52c159f26a98cc0cc7510147500,2,0,141071,67,141138,2,705.0,5,1405,0.0036,3,646.35,combine_both
grails-core,66c8c7b097b136eb131421e400aef0a8622b4aff,2,1,141098,55,141153,6,7.33,17,27,0.6296,3,2.62,combine_both
grails-core,ec145775c016bebff95084e5f164eb6fd7885d76,4,0,141045,73,141118,2,2.0,2,2,1.0,1,3.15,combine_both
grails-core,9c2a017c4ea5b264b013992fb27f32a65f7fa51f,9,0,140888,103,140991,7,7.14,29,21,1.381,1,0.26,combine_both
grails-core,fb5472577afb11648d41d0cfbb788715ea783185,3,1,576,32,608,3,2.0,3,3,1.0,1,1.73,keep_local
grails-core,4525de0ab259d2cb72341230db85cc9e685cc395,3,1,537,12,549,3,2.0,3,3,1.0,1,3.49,keep_local
grails-core,45fc353498924fbd52fe20e86095ef0b6f0e647b,1,0,140752,20,140772,0,0.0,0,0,0.0,0,18.25,unknown
grails-core,45b2fd20a4b9ed94eccb5201209e0b9816cb7e00,3,1,140752,6,140758,1,2.0,1,1,1.0,1,4.51,keep_local
grails-core,3eb5a2ff44cb897126d80a712f28934efb06cbf2,5,0,140750,36,140786,2,38.5,10,67,0.1493,1,24.74,combine_both
grails-core,41b2e34afa4432636c52523a20f9bde7c9d0c775,2,1,521,10,531,2,3.0,3,3,1.0,1,3.3,combine_both
grails-core,1fe1cacbe4fb49ebe1a12fde665b0cccd4bf70f2,2,1,521,4,525,2,3.0,3,3,1.0,1,9.96,keep_local
grails-core,6e96e7cdbc91da8c4bd03f6257ebf4cb83d23216,4,0,140719,57,140776,1,3.0,2,1,2.0,1,19.25,combine_both
grails-core,4596eeeb4c2560b6beebcbb82ac40767d809c188,1,0,521,57,578,1,4.0,2,2,1.0,1,68.16,combine_both
grails-core,72d86e09b7331cee1aa4349859bf13a9119e94e7,2,0,139900,6,139906,0,0.0,0,0,0.0,0,0.79,unknown
grails-core,2de062ed84619e9dad9b8415e01877f06088ea81,1,0,139884,2,139886,1,1.0,1,0,1.0,1,0.31,keep_local
grails-core,8424343161e64cdb12e55c26a0f583c51b04da84,1,1,521,2,523,1,4.0,2,2,1.0,1,39.01,combine_both
grails-core,0e7ef86eeeb983c3433f38e6fd5288f74bcfbfcd,1,0,139508,2,139510,1,4.0,2,2,1.0,1,1.49,combine_both
grails-core,d2f513562337f306ab7c127b8f8a4d3a55d78969,2,0,40800,6,40806,2,7.0,3,11,0.2727,1,240.65,keep_local
grails-core,9ffa28c886433b67efaa9162a1821c0e77e7414a,1,1,6,2,8,1,2.0,0,2,0.0,1,0.22,keep_local
grails-core,7ad292ffa6daaffe5252bf29377e17e5945081f0,3,1,138683,18,138701,0,0.0,0,0,0.0,0,4.43,unknown
grails-core,d3b5e46f138ba4e486f1169e2d43e772bef111dd,12,0,138649,268,138917,14,11.71,63,101,0.6238,1,11.43,combine_both
grails-core,47168b65fafe4a29bdcb14a4d82bcf990fce3117,1,0,137536,4,137540,0,0.0,0,0,0.0,0,0.19,unknown
grails-core,5a41f4089e2f8ad29033993fe0d3dd6519685452,2,0,503,4,507,2,3.0,3,3,1.0,1,0.02,keep_local
grails-core,35e2d04479c07a60bb35e1decf243ac1226bdecd,1,1,137535,1,137536,0,0.0,0,0,0.0,3,0.05,unknown
grails-core,b523e12edaff16c76068111531ef067f991f35db,1,1,135041,28,135069,1,14.0,8,6,1.3333,3,1.4,combine_both
grails-core,56545e8a928feb396eade8277bf0bb3f2d33a590,1,1,3592,782,4374,1,2.0,1,1,1.0,1,22.23,combine_both
grails-core,2f626986c5410705f63134a354b9f7347144ea4c,2,0,123580,134,123714,4,6.5,11,15,0.7333,0,0.57,combine_both
grails-core,868d1f8e0270590472c478d3622b3a0bcdbd2ff1,2,0,123568,508,124076,3,1.67,3,2,1.5,1,3.4,keep_local
grails-core,cdcd39653c1b0ced90abf94ef46f86e7865e1551,2,0,659,533,1192,2,10.0,16,4,4.0,1,35.56,combine_both
grails-core,26c8e70508935b0f82322c69a5dabbaa988eea58,1,0,121026,210,121236,1,3.0,1,2,0.5,3,32.11,combine_both
grails-core,1086b19fd58f3d87190d72cd995ab947aaffd695,1,1,120155,2,120157,1,4.0,2,2,1.0,3,1.59,keep_local
grails-core,9a4fd689f62ceb681b6ca575b6e592b7bc39ec75,4,0,120153,81,120234,1,5.0,1,4,0.25,0,0.78,combine_both
grails-core,37968e44f1f1c59354dd85414a335e0b933dc1f5,5,1,120224,409,120633,4,3.0,8,4,2.0,1,6.12,combine_both
grails-core,8743f610c35f940e6d35aa8171682a40406f5999,2,0,504,40,544,3,2.67,4,4,1.0,1,648.38,keep_local
grails-core,72808948f70f3c9b00f55c16b9e52e4e1b0d3a67,1,0,1262,150,1412,1,4.0,2,2,1.0,3,1.01,combine_both
grails-core,a2af44b32b5b949acd9b5f271db9fb7650e3bc65,2,0,830,636,1466,1,7.0,7,0,7.0,0,3.82,combine_both
grails-core,67055254fb2ee89ae51225744eeda59dcb3e6ad1,1,0,107760,4,107764,1,4.0,2,2,1.0,0,0.4,combine_both
grails-core,49964b71bd6df5dbd71f8392a23c44db9143d86f,5,1,105857,115,105972,2,28.0,23,33,0.697,3,0.89,combine_both
grails-core,ad8faf71aa2051648480ed576be69bd3eca1d763,1,0,104177,80,104257,1,3.0,1,2,0.5,3,5.82,combine_both
grails-core,aa9eb4401f138baa1e287911ff1c88de6fefc297,1,0,166,98,264,1,10.0,1,9,0.1111,3,0.48,combine_both
grails-core,4ab942e6f7e210c08c981d0462950cbac361a3be,1,0,102182,5,102187,1,49.0,22,27,0.8148,3,4.07,combine_both
grails-core,17dbf6963191b967b5d01feb1c796633cb17fbcf,2,0,12,30,42,5,1.4,4,3,1.3333,3,0.51,combine_both
grails-core,5ac36f0cb0d9e6583cdd21d706716c8980560354,1,0,101115,40,101155,2,5.0,3,7,0.4286,1,0.0,combine_both
grails-core,850a3d0819837465e1a86fb91986bbf3f2be1579,3,0,98186,18,98204,3,2.0,3,3,1.0,1,28.2,keep_local
grails-core,fc31d2419a0accdea3fe61a74fbc40bbfbfef743,7,0,98065,189,98254,10,8.9,28,61,0.459,1,18.19,combine_both
grails-core,d8ec580da32afc7a5380b03024227fc0b8f10f64,1,0,1,1,2,1,2.0,1,1,1.0,3,0.06,keep_local
grails-core,bd8ffbc60ba597fa135d17b4b9a6e3b37e1ae96f,2,1,39509,6,39515,2,2.0,2,2,1.0,1,0.26,keep_local
grails-core,09ada826771f4c5f7a55c7e01efdd25253f8e009,1,0,39511,4,39515,1,6.0,3,3,1.0,3,17.44,combine_both
grails-core,79cc71a582db19bcb77fc898baeb2319bb0cf857,2,1,98016,59,98075,0,0.0,0,0,0.0,3,6.68,unknown
grails-core,be92fe4ea6d897d0f43510578d12158c9c3da292,2,0,39398,6,39404,2,7.0,3,11,0.2727,1,0.94,keep_local
grails-core,38bd30c5fc042234285726a78eb3558aa16dd863,5,0,98017,195,98212,3,5.0,7,8,0.875,1,65.73,keep_local
grails-core,6c24d7a1a7911f785c57e71e868b985b96675ea8,1,0,188,270,458,1,3.0,2,1,2.0,3,0.84,combine_both
grails-core,5674af9d2e2aa77baa0b60be6f0b0609ba326433,2,1,39325,4,39329,2,7.0,3,11,0.2727,1,0.04,keep_local
grails-core,ab8b23ddcd6e863dbc5da1d2664832e353ff4bd2,2,1,39301,8,39309,2,7.0,3,11,0.2727,1,48.86,combine_both
grails-core,30536e6bce2f92e1cd02512d1fa6dae85fd41880,1,1,68018,10,68028,1,5.0,3,2,1.5,1,150.26,combine_both
grails-core,17302a15498277a61a0f495119c5dbfcc9d32acd,1,1,39301,10,39311,1,6.0,3,3,1.0,1,44.65,combine_both
grails-core,19e13f7ec55d1bc08ce8b8a36a2f17c7b2384ab8,1,1,39301,2,39303,1,2.0,1,1,1.0,1,0.16,combine_both
grails-core,d5bf8eae149aacf5f4aeb3eff99817970ed0ecc4,2,0,39301,4,39305,2,7.0,3,11,0.2727,1,6.76,keep_local
grails-core,7920029e8e99a3d4ec53839edb405061bf446b4b,1,1,54760,58,54818,0,0.0,0,0,0.0,1,0.02,unknown
grails-core,cc435687013f546a1895f0daa40a0d14bf00f0b2,1,1,39333,65,39398,1,26.0,13,13,1.0,1,0.06,keep_local
grails-core,388c9b4e219d8fffe8ea5712ee07d9b80ee720a4,4,1,39285,63,39348,5,7.0,14,21,0.6667,1,47.87,combine_both
grails-core,6d3604a84a7f0711ebfc1f48432d34d50cddb08c,1,1,54369,56,54425,0,0.0,0,0,0.0,3,3.11,combine_both
grails-core,a70aa886af3768e3831a1adfd223f1613ea323e5,4,0,54363,86,54449,5,16.0,30,50,0.6,0,8.33,combine_both
grails-core,aaa7ce5d63a9034fff0d86c07111c92576694a49,1,0,39103,126,39229,2,60.5,0,121,0.0,3,9.75,keep_local
grails-core,00d3d9cabd9c38a1c6052dff26b640224f304cc4,2,1,54363,75,54438,0,0.0,0,0,0.0,3,5.83,unknown
grails-core,8db623c4283defad20a03b54345649d81e2b5a1d,3,0,54302,94,54396,2,10.0,11,9,1.2222,3,1.32,combine_both
grails-core,b6fa49806a19ac064faa24abb4ef506c5adca4d9,1,1,54289,154,54443,0,0.0,0,0,0.0,0,0.91,unknown
grails-core,1b6b91aea65633288be468d192e4f28c4f8ec64c,1,1,54110,31,54141,1,49.0,23,26,0.8846,3,2.9,combine_both
grails-core,7456b77ff2b8479797f9ffe45ce2df9e8529bddb,2,0,54104,77,54181,2,27.0,23,31,0.7419,0,28.0,combine_both
grails-core,d79869dddf2cb45a053e45698ef9a6f4474aba70,1,1,38766,10,38776,1,11.0,8,3,2.6667,1,1.25,combine_both
grails-core,644233cfff266f391c44ef3ec56036a3b1c9bb19,2,0,54112,52,54164,2,7.0,10,4,2.5,1,5.78,combine_both
grails-core,1d48f3bcdd655b8ef0cbb6420287e67682e73362,3,1,38881,119,39000,4,4.0,13,3,4.3333,1,1.29,keep_local
grails-core,fccb711ba6c820ef12f68e6de2973acf68a912b1,1,0,54110,6,54116,1,28.0,1,27,0.037,1,48.93,combine_both
grails-core,31af2108f171534edca3f6f15391364ee1fb2641,3,0,54086,320,54406,5,11.0,22,33,0.6667,3,57.06,keep_local
grails-core,65e940465279ef123ad722ea71a6f74f188528d3,1,0,54085,8,54093,1,4.0,1,3,0.3333,1,12.89,combine_both
grails-core,020c51034451fad62a6d8674c88df6249af838f7,1,0,53954,89,54043,1,20.0,18,2,9.0,1,2.42,combine_both
grails-core,15afe51841dcbb73c76e0bdf993c29724f208f78,5,0,53323,174,53497,4,3.25,9,4,2.25,1,3.44,combine_both
grails-core,f312359aa9c9b4a0b2137510ed8aa51ef1bd8c66,1,0,53316,125,53441,0,0.0,0,0,0.0,0,237.73,unknown
grails-core,295165fd26116997988cf6b739af7fdcff4e1d9b,2,1,53251,205,53456,1,2.0,2,0,2.0,0,27.74,combine_both
grails-core,20bb7ac9962c3441ecba72302eebe5bc96c4f3fd,1,0,38533,2,38535,1,6.0,3,3,1.0,3,41.58,combine_both
grails-core,c2c5ef3b761fcfa59f1f8ee797ae5ad6f6902f75,1,1,53246,6,53252,1,8.0,1,7,0.1429,0,1.86,combine_both
grails-core,74554540713412444a9b8d39110cd39b67186464,3,1,53197,383,53580,2,35.5,66,5,13.2,3,6.46,combine_both
grails-core,f1d3cfb1e56551a30959941d361053a2db265d6c,2,0,50162,33,50195,1,27.0,0,27,0.0,0,6.11,keep_local
grails-core,76eed28e7e50dc73139cb7004a9fa40040db2181,5,1,49272,170,49442,5,6.2,11,20,0.55,1,0.01,combine_both
grails-core,d5485a622560fb847842a084d7c111a5dafc2bd7,1,1,37761,50,37811,1,1.0,1,0,1.0,3,3.65,combine_both
grails-core,d65d29e7ad4aa68ebdf7ace784f505d82897bdd7,1,1,37749,37,37786,1,24.0,11,13,0.8462,0,0.43,combine_both
grails-core,c6c7025da956b79685b64b59c6069244c8cd62f7,2,0,48961,22,48983,2,3.5,2,5,0.4,1,16.84,combine_both
grails-core,b4258ffdcb5e1529d7f4d86a5aa6ca2f26156a68,1,1,37703,19,37722,2,59.0,0,118,0.0,3,2.04,keep_local
grails-core,8e7575e6d0d84d0a50e5df632d917c02f61bf6b9,3,0,48947,202,49149,3,12.33,20,17,1.1765,3,4.95,combine_both
grails-core,d9c23cfb10cf580db6c6fe8a5ff91d915e6e650d,1,0,3146,940,4086,1,15.0,13,2,6.5,3,47.62,keep_incoming
grails-core,b4efdf4a20203629448a0271e8fa284bdbbdf433,7,1,40332,1058,41390,6,7.33,21,23,0.913,3,31.51,combine_both
grails-core,0588e2c0dc1e748cc6ea2c198944b8993b3fa4fe,10,1,40288,1034,41322,10,3.8,19,19,1.0,1,85.64,keep_local
grails-core,a30df9467fb0ef239d130670a64db3041be2c13b,3,1,35770,6,35776,3,2.0,3,3,1.0,1,0.35,combine_both
grails-core,93fe14d2e219b5239aeba24234994927bba6e697,4,1,35708,131,35839,7,7.71,24,30,0.8,1,0.25,combine_both
grails-core,e4f7dda51ada0a02730ccc09e079ed22d5d5b9f8,1,0,35746,69,35815,1,23.0,3,20,0.15,3,3.62,combine_both
grails-core,c1f22169de9cba4c2467481f0f3d62ddd3867ab9,1,1,35739,6,35745,1,12.0,7,5,1.4,0,0.14,combine_both
grails-core,eb5d0e14c2bdba43a21171e8708deb712db766d7,17,0,8590,1752,10342,17,7.35,60,65,0.9231,3,13.19,combine_both
grails-core,6b031e29a55c858385ff77919153836c45ec5657,3,0,26018,1542,27560,3,2.0,3,3,1.0,1,7.27,keep_local
grails-core,7e45ece485caba0e6d70ba8514a4230f0a58e136,1,1,35688,48,35736,1,2.0,0,2,0.0,3,0.69,combine_both
grails-core,d320702ead899d5dbd58fc962e99e94489855572,3,1,35690,70,35760,3,2.0,3,3,1.0,1,18.6,keep_local
grails-core,e3363234b4f85c387a5194834118d728c9ebba3c,3,1,23898,6,23904,3,2.0,3,3,1.0,1,0.91,keep_local
grails-core,55da826281350cd85b643923edefcccb6c46e615,4,0,23806,1590,25396,2,309.0,1,617,0.0016,3,114.26,combine_both
grails-core,136aae18d6ddb958662da242aaf5189aaf3d43f1,1,0,34478,21,34499,1,2.0,1,1,1.0,0,4.62,combine_both
grails-core,3727919cee0f38bf891a423d6851fbaa0f262c06,11,1,34448,981,35429,2,29.0,57,1,57.0,0,31.8,combine_both
grails-core,f9e2f74949e462dcfe57f846e17a0312c7503144,2,0,34442,71,34513,2,5.0,4,6,0.6667,0,29.02,combine_both
grails-core,1ae728a5f2648acc47bdfccc56eb0e8e4f59889b,1,0,99,845,944,1,6.0,0,6,0.0,3,8.64,combine_both
grails-core,8b96112e4c33fb523ebb530595057e0a13e682e7,1,1,35250,99,35349,2,4.5,7,2,3.5,3,1.67,combine_both
grails-core,41734b6d5d8ced5ad0595c61619fa83756203c67,6,1,23778,550,24328,7,95.57,16,653,0.0245,3,0.78,combine_both
grails-core,5ab0ef1a32a61cf8baf16ff0fb9126c331007a45,1,0,34163,94,34257,1,3.0,2,1,2.0,3,0.43,combine_both
grails-core,3c43004c1e5249d1d32f5d7aa44a49c5fb2de946,1,0,24,233,257,1,3.0,0,3,0.0,3,1.41,combine_both
grails-core,a070a6fb09410aab91e272ca13134f0147cabc4c,1,1,34140,3,34143,2,4.5,5,4,1.25,3,0.33,combine_both
grails-core,17e6fadfeafa8b0bd7ac095a33059709dff5cbed,1,0,5344,3364,8708,1,4.0,0,4,0.0,0,92.0,combine_both
grails-core,14bf9d1251791658c4c1a1f2e465ed858f244b54,1,1,19028,68,19096,1,663.0,1,662,0.0015,3,137.46,keep_local
grails-core,4646be926134c4504700206b9b9b9a012fca3dd6,3,0,34079,31,34110,3,2.0,3,3,1.0,1,28.16,keep_local
grails-core,d57608d6b066e3db6583dfafc00770a51163b76a,6,1,19011,607,19618,3,2.0,3,3,1.0,1,20.84,keep_local
grails-core,8c5d540797cd374c176e82aee7ca78e6dffaaf20,1,0,32980,376,33356,1,9.0,1,8,0.125,0,288.78,combine_both
grails-core,229ab24ba937b53f8b35494dceccfd761df9eb87,1,0,32739,2,32741,1,2.0,1,1,1.0,1,0.13,keep_local
grails-core,154450a4ebb9e9854a262fbcb5325051634d277d,2,0,32737,8,32745,2,6.0,6,6,1.0,1,0.06,combine_both
grails-core,8a2c501118cfa70fbd13197007772a7e1e047865,1,1,11,116,127,1,2.0,1,1,1.0,0,2.83,keep_incoming
grails-core,ca26eb0bd51a6e1d51dd004bdf92fde37e690f32,1,1,32311,2,32313,1,2.0,1,1,1.0,3,0.56,keep_local
grails-core,08f6bbd7022c6d39df90ac6357ca8e90b323ce67,2,1,32313,35,32348,2,21.5,3,40,0.075,0,10.19,combine_both
grails-core,e8989749752210bfcbca9871d0130312566acf97,2,1,32120,4,32124,2,2.0,2,2,1.0,1,0.83,combine_both
grails-core,b3cac0d4139e4548692e5f6e24600b55b05d74df,3,1,32200,88,32288,3,2.0,3,3,1.0,1,3.45,keep_local
grails-core,5aa1c1d031c4f225d7f5db8d9042f316fbb84e7d,1,1,31483,56,31539,1,20.0,17,3,5.6667,3,1.02,combine_both
grails-core,c55fcb593318d18a59339973a8f7096ddbf74ebf,1,1,31480,65,31545,2,11.0,2,20,0.1,3,1.35,combine_both
grails-core,8925afc4472a2028d0092086620c7ae714f513c1,1,1,28902,341,29243,1,30.0,17,13,1.3077,3,0.1,combine_both
grails-core,c34a416265efb2290bfef36f0be221867fa93fa6,1,0,28896,6,28902,1,3.0,1,2,0.5,3,39.53,combine_both
grails-core,5bdaf34648e38fae0d66dfbca0beaf82ffb3347b,2,0,28900,8,28908,2,9.0,5,13,0.3846,1,22.73,combine_both
grails-core,e419b81d556117aa75061f720c6bea0868880268,5,1,27545,41,27586,5,25.0,10,115,0.087,1,23.55,keep_local
grails-core,0f593c3093e2ec1caf5e97585bcdaa60178908d8,2,0,27510,10,27520,2,6.5,7,6,1.1667,1,5.07,combine_both
grails-core,95384ac1f265c3a0a6cd0dc54e2a89de52f2e37d,4,0,27385,17,27402,5,2.0,5,5,1.0,1,9.95,keep_local
grails-core,099fdcbd5409857eee545cbf82cbbcf0ee143b21,7,1,142257,66,142323,9,16.0,90,54,1.6667,1,0.18,keep_local
grails-core,c88cae312893d098fbf5efaec83e023c034bb4eb,1,1,27377,51,27428,0,0.0,0,0,0.0,3,2.23,unknown
grails-core,00d0a914b80371a096701949f3dacbc65b7c95d8,1,1,27228,20,27248,1,15.0,10,5,2.0,0,7.3,combine_both
grails-core,64f883460f6e2aed3a19da0a88b46d4452436d11,1,0,457,25,482,1,5.0,3,2,1.5,3,498.87,combine_both
grails-core,aeae11c17568a24a3ddafc71a7940ba938c119ae,1,0,22924,14,22938,3,4.67,8,6,1.3333,3,0.21,combine_both
grails-core,a2c7b21eb7de5f337f39dab8cf5e3e1aede98512,1,1,12355,6,12361,3,4.0,6,6,1.0,3,1.55,combine_both
grails-core,9e3133802300c75d917fb0a6d191ddb76fca0641,2,0,11945,8,11953,2,3.0,3,3,1.0,1,1.24,combine_both
grails-core,c32025932f15b42587b3b889902ff2440985dd5a,2,0,11662,147,11809,2,56.5,2,111,0.018,0,7.84,combine_both
grails-core,6032036d1bc9d395ad7d9ebda6537dce00ba1baa,1,1,956,1237,2193,1,7.0,6,1,6.0,0,1.44,combine_both
grails-core,466877c64e03986f3e044bd2a29d932fe2cc88a9,5,1,8661,19,8680,5,4.2,4,17,0.2353,1,37.56,combine_both
grails-core,a130c49ce379fb71231381f214563ca411b1d38a,1,1,8661,299,8960,3,10.33,4,27,0.1481,0,30.73,combine_both
grails-core,a1e0a6fd2422b8fd42a5f3cec4ddc6ea1748b124,2,1,8661,4,8665,2,8.0,1,15,0.0667,1,3.48,combine_both
grails-core,cf06336b918a4f24f681d70e5cf1aa02641204a2,2,0,8669,51,8720,3,7.0,6,15,0.4,1,8.99,combine_both
grails-core,17771590b71fe8254d7d86b607719578cdda1d36,5,1,8675,40,8715,5,4.4,4,18,0.2222,1,0.71,combine_both
grails-core,1a67e20fabc60a0fb66e4ca783ed0e4d7478351b,1,1,8399,141,8540,1,4.0,0,4,0.0,3,0.04,keep_local
grails-core,f0e6a325275c23259af68b81ec2287ff1e0d6e76,1,0,5,15,20,1,2.0,1,1,1.0,1,3.92,combine_both
grails-core,2debbfd08ea9e3b1be62c73c4029d07e53a75755,1,0,6158,22,6180,1,14.0,1,13,0.0769,3,8.8,keep_local
grails-core,1e2a0e5a95d26dc6864f06205438660a3db0987e,3,0,6154,98,6252,4,2.0,4,4,1.0,1,3.71,keep_local
grails-core,31cdfa2596c43efab4c488ca57bdb875587f8d22,2,0,6154,100,6254,2,7.0,5,9,0.5556,1,5.11,combine_both
grails-core,9ca3eaf65880595f86bc62832793ded255030367,3,1,6147,41,6188,3,2.0,3,3,1.0,1,18.77,keep_local
grails-core,4b57339f3d27531f10c60fc7b2d2f4352a97bf6c,1,0,6145,1483,7628,1,7.0,3,4,0.75,3,12.16,combine_both
grails-core,01864e6ab6800eaf6497375176c102a28f1522b2,2,0,139092,20,139112,2,135.5,3,268,0.0112,0,65.88,combine_both
grails-core,41687a7389343dd5af02b20ab62612ee612865d1,1,1,6054,20,6074,1,54.0,12,42,0.2857,3,8.19,combine_both
grails-core,6354344ff816c1b10c05c2779de26f6ece84d385,2,1,4838,3825,8663,2,5.5,2,9,0.2222,0,68.82,combine_both
grails-core,d804f6870c2c14696bbaeb57e7295a9afb1cfe7c,1,1,4804,2,4806,1,2.0,1,1,1.0,1,0.03,keep_local
grails-core,16f8c134aec14c9abae25232e2a143d663e4c839,1,0,4804,35,4839,1,47.0,1,46,0.0217,3,10.6,keep_local
grails-core,0fd0ca694e34543e25e7d5d7f1f38b886179df05,3,1,1343,268,1611,3,2.0,3,3,1.0,1,0.53,keep_local
grails-core,931367c5013b5d5a64d2a4c61e5365ebe47d48d5,1,0,641,180,821,1,16.0,10,6,1.6667,1,31.89,combine_both
grails-core,c35b06ffd7801e8cbd13093aa367316d73725a85,2,0,677,405,1082,1,2.0,1,1,1.0,3,74.63,combine_both
grails-core,e8444ae7e7aa457b0938b90d6f6c707445200264,1,1,675,479,1154,1,2.0,1,1,1.0,1,82.05,keep_local
grails-core,59fcd77375828e62432885d50df78845f35b8a2c,3,1,673,14,687,3,2.0,3,3,1.0,1,113.09,keep_local
grails-core,92bae2e1ea7b882bba6d24854af0eb25cb1a2882,3,1,673,351,1024,3,2.0,3,3,1.0,1,22.89,keep_local
grails-core,1587def86ae60d6f83f8b200a59f744b8c698e04,1,0,127,382,509,1,4.0,2,2,1.0,3,2.23,combine_both
grails-core,0bcd02ae727e3cf399eb31b1a3e597314ba9e213,3,1,673,22,695,3,2.0,3,3,1.0,1,15.93,keep_local
grails-core,868172f6cdb4f3a8b8189d1a1e00b76c8d83ec0c,1,0,525,19,544,1,2.0,1,1,1.0,1,3.35,keep_local
grails-core,4943cfc5948f4d97c55f909625308f404698889c,3,1,527,14,541,3,2.0,3,3,1.0,1,27.86,combine_both
grails-core,6395c216a6aebebf4a5faf84c6227e68767c27ca,4,0,889,1953,2842,10,4.0,26,14,1.8571,1,26.81,combine_both
grails-core,c8d51e264f5109c3eac32bf017e3e5bd6a5ca4e0,1,1,128126,22,128148,1,6.0,6,0,6.0,0,9.07,combine_both
grails-core,860bb6395cb34a0615658c53a8117e00c6d4ad2f,1,0,488,4,492,1,2.0,1,1,1.0,1,75.88,keep_local
grails-core,d78906fef5292a2d53cb949aab3ac8fa5312beee,6,0,527,1279,1806,12,7.42,63,26,2.4231,1,20.78,keep_local
grails-core,d0e14f127288b873fd7efa6dda818bc11ad1a9ef,3,0,527,20,547,3,2.0,3,3,1.0,1,8.41,keep_local
grails-core,46d9cc4c34ef29f0e09321b758bdbab001455575,9,0,127106,173,127279,4,21.75,2,85,0.0235,3,27.12,keep_local
grails-core,76a069133f7d956e6fb9b2f650eabed23ddd622f,3,0,127072,127257,254329,9,6.0,24,30,0.8,0,35.5,combine_both
grails-core,d2aeed9e0362cf2892a39cf26955bc084be1d43b,4,0,126707,167,126874,3,16.0,5,43,0.1163,3,0.52,combine_both
grails-core,56f815efec495435602cd5e28537e5b96c9a84a2,2,0,126567,90,126657,3,26.0,17,61,0.2787,0,6.25,combine_both
grails-core,0e1b880882b84ce446ee810b2e8afa2602da007e,3,0,127011,90,127101,4,20.0,17,63,0.2698,0,5.55,combine_both
grails-core,8c6ce62b1161991ce1e8dee44cebb121506d60eb,2,1,494,4,498,2,2.0,2,2,1.0,1,4.95,keep_local
grails-core,c1c24efcc5104b244f01a0fad4d43e9fc0b8e65f,1,0,106,138,244,1,53.0,32,21,1.5238,3,70.08,combine_both
grails-core,3a5c7a28ffeda39c49270f7cb6c2c415c26cfe55,2,1,494,61,555,2,2.0,2,2,1.0,1,21.55,keep_local
grails-core,b851a66ad7a7bf5ef04f12a60e791d982bcb81e4,1,0,126276,14,126290,0,0.0,0,0,0.0,0,15.9,unknown
grails-core,fb358193a8a380dea136278dac85e558b66c8fd5,4,1,125552,123,125675,1,9.0,7,2,3.5,0,0.04,unknown
grails-core,ebb8d26aa562c6ada68f592cdadb2eacee83d1ff,1,0,24865,10,24875,1,16.0,4,12,0.3333,3,110.1,combine_both
grails-core,02038e9688ced072a6fef0637c4820940337efd7,3,1,122510,56,122566,1,266.0,1,265,0.0038,0,23.86,combine_both
grails-core,ed2309dafe2897873e3a03acd1ec0ca44aa93e49,3,1,120910,6,120916,3,2.0,3,3,1.0,1,0.06,keep_local
grails-core,6af3a5b30044a5bc45f0ce38c033925235b40229,4,0,120187,8,120195,4,5.75,8,15,0.5333,1,0.11,keep_local
grails-core,60f83ce2f4a1a6879dbc0927e42a9b1769fef24a,1,1,119925,12,119937,1,68.0,1,67,0.0149,3,0.11,keep_local
grails-core,ab24a15146ddef37691c9e125996f33c19504b5e,1,1,117542,7,117549,1,68.0,1,67,0.0149,3,95.93,keep_local
grails-core,c1fbe43c835025f50e3f2a3fee52f46d60afa272,7,0,117497,155,117652,5,5.4,12,15,0.8,1,41.68,keep_local
grails-core,1e43a859e1fb1829d5988fdd54cbdd0755182ec0,1,1,546,620,1166,1,3.0,2,1,2.0,3,3.36,combine_both
grails-core,e25cb5eab960bf2777a41e339444dcc9d080f295,1,1,115665,1452,117117,0,0.0,0,0,0.0,3,1.73,unknown
grails-core,13f0e201d5b9b8ad293b70dcccbcb3936ca5ebcc,1,1,115653,39,115692,1,5.0,1,4,0.25,3,1.48,combine_both
grails-core,656f0036ef6c067d36d12adbfa4e47531feab37e,3,1,23049,6,23055,3,2.0,3,3,1.0,1,0.46,keep_local
grails-core,f385f10014833ac1ca8da5fb84f3372414762b05,2,0,113880,4,113884,2,14.5,10,19,0.5263,1,3.08,keep_local
grails-core,33368ddbee7c2716352bbb4bdbb38d5b8d9c85f8,1,1,113879,5,113884,1,3.0,2,1,2.0,3,2.03,combine_both
grails-core,4bcb86be29e50131ee5104e1ae290af15af64cd6,1,0,113880,16,113896,1,8.0,2,6,0.3333,1,18.0,combine_both
grails-core,1ea02f8b90a8c864a9184b56796c835355089690,4,0,23056,23,23079,5,3.0,8,7,1.1429,1,12.41,combine_both
grails-core,c3de36d5e102879a39b3eb43d2df9985a6223add,1,0,113859,2,113861,1,73.0,0,73,0.0,3,0.55,keep_local
grails-core,105fb6b5433ce6714d57913f86ceeeb615e3be65,8,1,113602,475,114077,11,35.18,76,311,0.2444,1,2.88,keep_local
grails-core,8adb74e775b4fab486aa8a80e1f416ef11dae688,1,1,113533,7,113540,0,0.0,0,0,0.0,0,0.86,unknown
grails-core,774bbfef3635f001c788624a8f6cfb1eeec411bf,1,1,113407,5,113412,1,77.0,1,76,0.0132,3,0.77,keep_local
grails-core,7a14a352b16527ef91edf93221bc019711c98dd8,1,1,113407,2,113409,1,6.0,2,4,0.5,1,0.21,combine_both
grails-core,575119c5ef964100132af3f30e6e2da6a0f184a8,16,0,113409,483,113892,21,22.57,94,380,0.2474,1,47.87,combine_both
grails-core,23e14c904f655adb4ff565fc78d0a52fc70ea87c,1,0,99789,19,99808,1,9.0,3,6,0.5,0,9.9,combine_both
grails-core,7e77038b70768c3a90419fa5f9f6f8e5c356ec02,2,1,99641,23,99664,2,134.0,2,266,0.0075,0,0.14,keep_local
grails-core,618d4a6dcba944f8ebcc781f08e7de0d903c1b9e,1,0,22635,21,22656,1,2.0,1,1,1.0,3,158.62,combine_both
grails-core,6854a24dd19d00a09f58114137a6070b4eec6d53,9,0,93134,166,93300,5,4.0,5,15,0.3333,1,32.52,keep_local
grails-core,49fa36e8c4c1d5011d92605129d7604e05a5ea52,5,0,22713,169,22882,5,12.6,24,39,0.6154,1,8.54,keep_local
grails-core,8058f5ab87198219bf83d3f311d6bd3abaf2a29c,2,0,93215,6,93221,2,134.0,2,266,0.0075,1,9.56,keep_local
grails-core,9da626e7b8955b13bdd388c9550f35aadff87e9e,4,1,93198,23,93221,0,0.0,0,0,0.0,0,0.29,unknown
grails-core,bc6a1843ae27982261ff4d84ea85586f0928e142,1,1,22682,23,22705,1,17.0,3,14,0.2143,0,25.84,combine_both
grails-core,9b97fb31a1d6e501ec5eb0ff00f7d07c53b72cca,2,0,92686,139,92825,3,10.67,17,15,1.1333,1,3.48,combine_both
grails-core,5bc943bedc87a061e2d5de0bdac688f84374f914,1,0,22682,143,22825,2,2.0,2,2,1.0,3,3.44,combine_both
grails-core,1f28167431f44d229ca47089d01023601bf0dff1,1,1,22681,87,22768,1,37.0,7,30,0.2333,0,21.01,combine_both
grails-core,3930ce08ec7600d49c4d4f66582eda5453683a20,4,1,92683,345,93028,5,8.6,9,34,0.2647,0,20.87,combine_both
grails-core,00fa87c61b0031be5b8209c431d260c6d56c29ec,1,0,22683,310,22993,1,16.0,0,16,0.0,3,40.86,combine_both
grails-core,9a10e9eb06138d3f051b112ee4aefe3dda2b9b58,2,1,91635,25,91660,2,11.0,6,16,0.375,0,1.54,combine_both
grails-core,af2ae98f918e32136174d04d6707dc0834f9ec97,1,1,91637,8,91645,1,4.0,2,2,1.0,0,20.71,combine_both
grails-core,67dc314426d62d8cf7b0efa5981a0a367d7ed252,1,1,91611,26,91637,8,3.5,14,14,1.0,0,1.86,keep_local
grails-core,524c2c6548aac87885441eec458baf5f3edbd732,2,1,88517,4,88521,2,134.0,2,266,0.0075,1,0.41,keep_local
grails-core,159fd547bb040d51b2c28785a14c3fe8ed799777,1,0,22638,27,22665,1,2.0,1,1,1.0,0,0.25,combine_both
grails-core,71a3ba483eb081a823c5a9c16c1ac8d5432c6aed,4,1,88658,160,88818,6,61.67,77,293,0.2628,1,18.51,combine_both
grails-core,9e7491266f16569e88da1d89db03b32f4fe511c7,2,1,22605,142,22747,4,37.0,68,80,0.85,0,1.49,combine_both
grails-core,fc8ca3535dbbd0e64fa0db31aa721cd97d42178c,3,1,22605,10,22615,3,2.0,3,3,1.0,1,91.98,keep_local
grails-core,f8ad180b6411fa4d4840acecbd39b3018f17ad28,8,1,83433,213,83646,6,6.67,22,18,1.2222,0,3.86,combine_both
grails-core,c6ecc11a18f5284b41d9da50b08b835e3649408e,3,1,21373,13,21386,3,2.0,3,3,1.0,1,3.7,keep_local
grails-core,4c51f10875b73175a7f79e3966001924d12ff25d,4,1,16489,71,16560,4,64.25,5,252,0.0198,1,25.62,keep_local
grails-core,f279f3e730ebeb4a39a48ed63ac61955c21044c3,3,1,22565,71,22636,3,2.0,3,3,1.0,1,0.66,keep_local
grails-core,e9f5de7e8c1d97f1e831823bbfcdac0bd7b81033,2,1,22572,4,22576,2,2.0,2,2,1.0,1,1.91,keep_local
grails-core,90b2cd965cdb91ce26567de2ca58e319c56d6d83,1,1,16493,90,16583,2,15.5,17,14,1.2143,3,2.85,combine_both
grails-core,cd7aaed0fee598a6d8e3214565736525bc862afc,1,1,22616,50,22666,2,17.5,6,29,0.2069,3,3.77,combine_both
grails-core,8049ed114a3183cb1ce5078f8ad5dc91c035e000,3,1,22616,84,22700,3,6.0,11,7,1.5714,1,5.69,keep_local
grails-core,e947ef1a2560991c6839e1f0b96d4b8b150a2213,1,1,22607,38,22645,1,25.0,23,2,11.5,0,0.41,combine_both
grails-core,b0d8a520e8e5a8dbaeb0758a67f5e5766ad28f13,2,0,16460,17,16477,2,126.5,3,250,0.012,1,0.91,keep_local
grails-core,947fd434256c08673060c994abae8a2b0a80d4d3,2,0,16236,399,16635,1,251.0,2,249,0.008,0,14.47,combine_both
grails-core,39ad4fd794b0aed2c0f01ef74917d59c3f7ce2f0,1,1,22605,399,23004,1,4.0,1,3,0.3333,0,18.02,combine_both
grails-core,9d4bc6997c8b28ace3dbaffbe747a328814200b1,1,1,22617,57,22674,1,41.0,39,2,19.5,3,3.04,combine_both
grails-core,3d58af93eab6037b9f2ea545927591025bf25197,1,1,16006,13,16019,1,35.0,1,34,0.0294,3,19.01,keep_local
grails-core,17f77f3b4deeb462608827e27b00a05c0a1d4a71,1,1,22610,21,22631,1,1.0,0,1,0.0,0,19.0,keep_local
grails-core,36dfa4df3b38cffb36ecc6ba77f209ca7250e65f,3,1,22620,12,22632,3,2.0,3,3,1.0,3,1.26,keep_local
grails-core,7c9e69ec00bc12e965795bc641f7f14fe0389803,4,1,22782,314,23096,6,1.83,6,5,1.2,1,21.1,keep_local
grails-core,28ae8ec56c60599842ea1c7debd3ef85a3b060cc,1,1,15614,61,15675,3,6.67,10,10,1.0,3,0.75,combine_both
grails-core,51254361a401e26356b13b7607082a66b75c59bd,2,0,15485,4,15489,2,126.5,3,250,0.012,1,37.21,keep_local
grails-core,949e0adbb703bbe2e2f573ac1022f57a71119889,2,0,12606,8,12614,2,1.5,1,2,0.5,1,7.82,keep_local
grails-core,124f7f77da7a3d43fb5b098c507e6a9c2d425ed6,1,1,22652,6,22658,0,0.0,0,0,0.0,2,28.79,unknown
grails-core,4ca20e25e2e787d1236e4251fe20e6858a03ab6f,5,1,13421,22,13443,5,7.6,4,34,0.1176,1,28.82,combine_both
grails-core,0372fa887482252962516714d70c90d10c91a39a,2,1,22653,11,22664,1,2.0,0,2,0.0,2,90.06,combine_both
grails-core,8ed9e292aa553fe9eeaa85f2a2c8ca457a8d3c9b,2,1,22659,31,22690,3,5.33,3,13,0.2308,0,109.93,combine_both
grails-core,ffea455bc864ccd8c7074047c8a895ce903afbc0,1,0,33,9,42,1,41.0,33,8,4.125,1,3.91,keep_local
grails-core,f8186d1be277cc2b49bb33a3caa8d06815efd417,2,1,22191,488,22679,2,159.5,220,99,2.2222,3,59.18,keep_local
grails-core,e5e6411955d1c9f580f4ce1f7c2260ecd6d5fa4f,2,1,781,4724,5505,3,85.67,252,5,50.4,0,17.05,combine_both
grails-core,c20c6f0d1702801e676af6cf4b8a083157925ffc,2,0,22195,10,22205,2,2.0,2,2,1.0,1,1.09,combine_both
grails-core,594c9e2c63b5b43f452a98116fe64eb45ade72be,140,0,25530,16374,41904,334,7.88,1538,1095,1.4046,1,72.54,keep_local
grails-core,b57ea88a2fb5493862f9688c0f46878c8c75ccd5,3,0,5607,223,5830,3,2.0,3,3,1.0,1,5.17,keep_local
grails-core,c373c10752655cfd123064dec73292267fc2f62f,4,0,22213,51,22264,7,3.86,12,15,0.8,1,12.42,keep_local
grails-core,7d16f09def3a9ba2d3177c5d3f73a365cbe69167,1,1,22051,24,22075,1,2.0,2,0,2.0,1,0.04,keep_local
grails-core,7fa608d72478cbbeaf56b32dc123cf4e684baf98,1,1,22051,2,22053,1,4.0,1,3,0.3333,1,34.66,combine_both
grails-core,4835add6d9e25a7ac7adc14b6642e3b93f980560,2,1,22096,46,22142,2,2.0,2,2,1.0,3,25.19,keep_local
grails-core,ac4d497a32573a2f322c5531138a064ca509f8fa,3,1,5173,11,5184,3,2.0,3,3,1.0,1,8.42,keep_local
grails-core,08c8461a565bd2e7f899396532c8437d9c803936,3,1,5175,38,5213,3,2.0,3,3,1.0,1,21.72,keep_local
grails-core,f1b6b4e3b505570728a2db18ff8b623275b8a3ae,3,0,22097,12,22109,3,2.0,3,3,1.0,1,15.5,keep_local
grails-core,7680138b361fab7b394ba6f593312bcc476b129d,3,0,5147,120,5267,3,2.0,3,3,1.0,1,36.34,keep_local
grails-core,1293a52d00a21df38d4add58a0cb164b69898ba1,2,1,22044,12,22056,2,3.0,3,3,1.0,1,0.0,combine_both
grails-core,119207c143a2df1bd971319580ed78694b513512,1,0,22001,25,22026,1,2.0,1,1,1.0,1,33.2,keep_local
grails-core,35b39fc2b370b82ba8ef33d0c35c045ced3ec420,1,1,5101,436,5537,1,19.0,16,3,5.3333,3,143.76,combine_both
grails-core,b509b4eb05419ee6b668b828a3ed821ca1e8a81c,2,1,22007,440,22447,2,12.5,19,6,3.1667,0,143.72,combine_both
grails-core,b03eba1fcab5c5e2a5f141f43c181924510a02b3,1,1,5101,444,5545,1,438.0,218,220,0.9909,3,0.91,combine_both
grails-core,e0a1f21cc00fdc8fb5a48aef89e0791e12640a3e,1,1,5127,97,5224,1,10.0,0,10,0.0,0,23.71,combine_both
grails-core,031a06c75b3d7ed38d807466c31c3b68a1811143,1,1,21659,24,21683,1,3.0,1,2,0.5,0,1.61,combine_both
grails-core,09c4e48909a1816210f8e7cd834efd684690de0c,1,1,21662,38,21700,1,2.0,1,1,1.0,0,2.05,combine_both
grails-core,fb8bf5b1fa75086a6a3ae1c8282240df5c192d96,4,1,5171,82,5253,4,3.5,5,9,0.5556,1,3.09,keep_local
grails-core,3204c7219442a269c1dae9b46fbe49059ca3008e,2,1,21619,46,21665,2,2.0,2,2,1.0,1,1.39,keep_local
grails-core,0b65dbb8187bd1bf39b663d31799872381652fb1,1,1,55,55,110,2,2.0,2,2,1.0,1,0.18,combine_both
grails-core,cf668872bdce655c9bf393de1157a4b85fa76128,3,0,1824,18,1842,3,2.0,3,3,1.0,1,79.99,keep_local
grails-core,754df66ada30bae7ba31e9cf864e4618a4c6ca16,1,0,21524,14,21538,1,5.0,0,5,0.0,0,42.79,keep_incoming
grails-core,133cfbb8a0d5a50ccb79518836a0101f31709e56,1,0,21439,2,21441,1,3.0,2,1,2.0,1,42.22,combine_both
grails-core,1dac43fd40a0e8324ff2305ad0ee9f620b447f2a,1,1,21156,33,21189,1,4.0,2,2,1.0,0,24.55,combine_both
grails-core,aca3d753a49e95697fe07dc0c67ba13bea7bac3a,1,1,1802,77,1879,1,2.0,1,1,1.0,0,2.56,keep_local
grails-core,a09363cf2b162765f0a45efa0b6cb5c3a7e68351,2,0,1804,11,1815,2,2.0,2,2,1.0,1,16.38,combine_both
grails-core,1bfb45d03623bca7d1887fb3e7da463b5fdd56b5,1,0,10,18120,18130,1,9.0,7,2,3.5,3,21.42,combine_both
grails-core,f5547f68c874d71b184a8433eebce5e10c65bd33,1,0,177,3423,3600,1,12.0,11,1,11.0,3,403.94,combine_both
grails-core,1eb2cb1e710412d4ef79b29236580f85035d724f,3,1,17210,157,17367,4,4.75,5,14,0.3571,0,0.04,combine_both
grails-core,6e5a4652caa5ff07fc7e0fbbbbeed0d843038f2d,3,1,17000,8,17008,3,2.0,3,3,1.0,1,0.47,keep_local
grails-core,e10b644e56cdeecd380a2920b5ba25be70d764da,2,0,17004,175,17179,2,2.5,3,2,1.5,3,2.19,combine_both
grails-core,be61c9cf1da16a727e88825fcd1a8c7ab3cfa36d,6,1,17004,26,17030,8,2.5,10,10,1.0,1,18.52,keep_local
grails-core,87b4d9d5339da48e89870bde4277c449a1cf4e0e,1,0,17042,169,17211,1,3.0,1,2,0.5,3,45.75,combine_both
grails-core,29ccb3b09fe2d165a7d03b9d1206fd7ab5a227f0,1,1,15992,1,15993,1,2.0,1,1,1.0,3,1.73,combine_both
grails-core,dee60b15b51b1890e254a409c97c0d02e63e26bd,1,0,15726,111,15837,1,6.0,2,4,0.5,3,1.07,combine_both
grails-core,32b8dffe008590684046dfb6321c9604d3a912d5,4,0,15189,358,15547,5,9.2,27,19,1.4211,3,3.73,combine_both
grails-core,0ef5d5c6b50b56e7fa41d6c9c27603bbd796e642,3,0,15188,21,15209,3,2.0,3,3,1.0,1,18.59,combine_both
grails-core,519d9c7e35d364b945f709b84ff990c8a475ea10,1,1,14951,145,15096,1,4.0,2,2,1.0,3,20.15,combine_both
grails-core,30ca2d513a5209cf8b2fcb710329a9c36d8dd85e,1,1,14947,228,15175,1,6.0,5,1,5.0,0,25.28,combine_both
grails-core,6c386a0bf2ef20bcceed80bba9c1fa8dfbff5b0e,6,0,14198,232,14430,7,6.14,21,22,0.9545,1,12.06,keep_local
grails-core,df8d6cf6cf34e08601d525fcdcb8323f01c18255,2,1,14205,9,14214,3,2.0,3,3,1.0,1,1.23,combine_both
grails-core,8ad36829ed03e99faaa355230d1ee8e18193be4d,1,0,13,207,220,2,15.0,21,9,2.3333,3,3.31,combine_both
grails-core,45a0c223b02b2bb6013cdfc59322b6d732bd517c,3,1,14234,67,14301,3,2.0,3,3,1.0,1,0.47,keep_local
grails-core,b510bdeb4a68854df3ef729121ff566236a0f1b5,1,0,126,22559,22685,4,5.25,10,11,0.9091,3,114.99,combine_both
grails-core,79a3f96c8bf665b1af9c45298bbe282930c1e8c5,5,0,921,6369,7290,9,10.11,75,16,4.6875,3,6.37,combine_both
grails-core,353cfb6f03689155eb600ec64944acad0aa1c9ec,3,0,1078,27,1105,3,2.0,3,3,1.0,1,21.44,keep_local
grails-core,56ebe2d2ef3a0db45e67b75a11dcbc28f5722c6a,3,0,383,18,401,3,2.0,3,3,1.0,1,138.06,keep_local
grails-core,e50640ba8192907992562553fe014db564867c8b,4,0,380,44,424,4,2.0,4,4,1.0,1,2.32,keep_local
grails-core,278922e90d09034b11d8fb43cac41cf57686d4e0,1,1,279,89,368,1,10.0,5,5,1.0,0,1.8,combine_both
grails-core,0d8426ebc1113a9de1537172e63d5fa4d3c2be33,1,0,450,223,673,1,8.0,5,3,1.6667,0,13.95,combine_both
grails-core,b23451a31a25716cee77e2d2f8e1b67c22577976,3,0,153,10,163,3,2.0,3,3,1.0,1,25.36,keep_local
grails-core,e902d879bc32976a9017bce69f9f1f8dbaba2149,1,0,157,8,165,1,2.0,1,1,1.0,1,71.39,keep_local
grails-core,61e788817188f73784fb6429c152e0b960051da6,2,0,128,8,136,2,2.0,2,2,1.0,1,1.24,combine_both
grails-core,f50c6676a752a897b9366620b09c9334955eac08,2,0,344,529,873,2,6.0,6,6,1.0,0,5.95,combine_both
grails-core,8e79646e5d52c8c2c3aa1e66c94e033712ca8775,3,0,3712,3611,7323,5,4.0,12,8,1.5,3,5.92,keep_local
grails-core,36e6cae60b3564e9c45e3cd41bdcb77522a052ca,1,0,124,482,606,1,4.0,2,2,1.0,1,0.93,combine_both
grails-core,5476d1f2123716d0f1feabc435afb509ff79abd4,1,0,8,6,14,1,1.0,1,0,1.0,1,18.44,keep_local
grails-core,4638b9dc136d525fadd7bdc9a9678846ca80a0cd,1,0,916,2385,3301,8,15.25,30,92,0.3261,0,0.96,combine_both
grails-core,fbe4c744df6469e2f9979d2d82d330c020532016,1,0,627,16,643,1,16.0,10,6,1.6667,0,0.16,combine_both
grails-core,623056c6a990e3461bea915e3a55bda3c94a50a7,3,0,612,650,1262,4,3.5,7,7,1.0,0,0.12,combine_both
grails-core,a44af0fd4233522c53a459a6a012e8ca964d8d5f,1,0,27,137,164,1,3.0,2,1,2.0,3,23.16,combine_both
grails-core,43b0afd7d8646545d35480eec59a6e6fe56bab46,1,0,10,32,42,1,11.0,9,2,4.5,3,0.51,keep_local
grails-core,66ae5a99535cce182dc01ae41fadb86ef7b49d23,1,0,196,2722,2918,2,3.0,4,2,2.0,0,11.0,combine_both
grails-core,16451f1753c59c38a5b8c66cb5399b1dd694dee5,8,1,3646,2632,6278,24,6.46,86,69,1.2464,1,5.66,combine_both
grails-core,25efb20da82e4850303f8e87490526e5ecc51451,12,1,34911,751,35662,28,22.64,460,174,2.6437,1,961.76,combine_both
grails-core,6ea6502a767bda0a3f565b8048d4964a0e9014c7,1,1,15,425,440,1,6.0,3,3,1.0,3,0.02,combine_both
grails-core,f6298dbff085eecbcd8e400a9175970a03ca7415,1,0,2532,624,3156,1,188.0,0,188,0.0,3,277.35,keep_local
grails-core,d6af8cbeb15e9f13e67855499e41b1528f2a310f,1,0,2531,69,2600,1,187.0,0,187,0.0,3,293.12,keep_local
grails-core,1717e98ba2bf82b77dac971e7a7cc068b2727a8c,1,0,2527,7,2534,1,186.0,0,186,0.0,3,387.4,keep_local
grails-core,20b5b491b39c80f5e2b5bd84f931a4317d144741,1,0,2527,38,2565,1,184.0,0,184,0.0,3,391.04,keep_local
grails-core,bd4b06ba1175328780f963dcb1bb7a91b4da2198,1,0,2527,20428,22955,1,184.0,0,184,0.0,3,391.73,keep_local
grails-core,ae2f70dbad7ca503d1d889491ca262c3e17b6c81,2,0,2515,8907,11422,4,54.5,22,196,0.1122,3,639.14,combine_both
grails-core,9c3f55c88999563c2fecdd0dde295a115d2b7ee9,1,0,2515,2694,5209,1,176.0,0,176,0.0,3,828.37,keep_local
grails-core,040c7650404c7024315e3e4048f88abd9fb0f5e8,1,0,2515,864,3379,1,176.0,0,176,0.0,3,853.08,keep_local
grails-core,37026c310e9b42d5a816e619668b572008cf139a,4,0,2576,9107,11683,16,62.88,121,885,0.1367,3,861.86,combine_both
grails-core,1bfa0834a77f82ff92099a8accf7b868c8a1c812,1,0,2543,2948,5491,1,176.0,0,176,0.0,3,873.92,keep_local
grails-core,99d7c85b947a9b64847d587e0f6e4bc00207e03b,9,0,2543,5222,7765,0,0.0,0,0,0.0,0,1018.46,unknown
grails-core,31e838c5370ed95e91501a41770fd6d9a29d1d92,1,0,2524,1298,3822,2,337.5,2,673,0.003,3,385.69,keep_local
grails-core,6e572514754c5f8b0e9b479f74386caf23f6aad9,1,1,505,1931,2436,4,5.5,8,14,0.5714,0,0.05,combine_both
grails-core,28d62f5910444ea8d7bde198ce0725db21fd88c1,1,0,407,14933,15340,1,14.0,5,9,0.5556,1,26.21,keep_local
grails-core,dbfe2e360589c8631a78f970239ca6fcdf489cc7,1,0,7,15849,15856,1,14.0,5,9,0.5556,1,194.11,keep_local
grails-core,7b74a0af75a29f29fbdc759489c50a3b0f793bba,7,1,838,557,1395,18,6.33,78,36,2.1667,0,13.39,combine_both
grails-core,940e2acb15cfa8f657fd65c5404a4710d2986839,1,0,2997,7,3004,1,128.0,119,9,13.2222,1,115.65,combine_both
grails-core,3e8ebeee1b030e01dc573da9f92a20269ea1889d,3,1,37,3118,3155,2,51.5,99,4,24.75,3,126.62,keep_incoming
grails-core,13d08b6da3fbb87bed4ee12c10c5d29c7984516f,2,0,86,2476,2562,7,9.71,27,41,0.6585,0,573.87,keep_incoming
grails-core,c6c4958c0e3840dd1a64cd4f12acc1ea73ab7fcb,1,0,51,2483,2534,1,48.0,22,26,0.8462,0,37.22,combine_both
grails-core,8c847c5815a9988c34eab9844b669542c7b118ad,12,0,73492,3355,76847,17,14.82,102,150,0.68,3,371.3,keep_local
grails-core,0154fd2bba45d9ce9110edbf564df7f374865c3e,1,0,15451,46,15497,1,7.0,3,4,0.75,0,0.3,keep_local
grails-core,c02f7225b9006b79f2fec75b2793b28ef7a3ea03,1,0,82,318,400,2,11.0,17,5,3.4,0,3.47,combine_both
grails-core,508caf1d14261511d8c43d7518229fdb1103f5d2,2,0,309,187,496,2,2.0,4,0,4.0,0,0.81,combine_both
grails-core,ab346c3d3175f32f18a34d33df10046dea9de3cc,1,0,6,1,7,1,3.0,0,3,0.0,3,1.4,keep_local
grails-core,340f8d54a8049b0665cc70705eae31e6217aef45,3,0,229,100,329,6,9.5,30,27,1.1111,0,17.65,combine_both
